-- Adminer 4.6.3 MySQL dump

SET NAMES utf8;
SET time_zone = '+00:00';
SET foreign_key_checks = 0;
SET sql_mode = 'NO_AUTO_VALUE_ON_ZERO';

SET NAMES utf8mb4;

DROP TABLE IF EXISTS `author`;
CREATE TABLE `author` (
  `id` int(11) NOT NULL AUTO_INCREMENT,
  `name` varchar(255) COLLATE utf8mb4_unicode_ci NOT NULL,
  `description` longtext COLLATE utf8mb4_unicode_ci DEFAULT NULL,
  PRIMARY KEY (`id`)
) ENGINE=InnoDB DEFAULT CHARSET=utf8mb4 COLLATE=utf8mb4_unicode_ci;

INSERT INTO `author` (`id`, `name`, `description`) VALUES
(1,	'Gerard Macé',	NULL),
(2,	'Katja Meister',	NULL),
(3,	'Dominique Dias',	NULL),
(4,	'Myriam Geiser & Marc Béghin',	NULL),
(5,	'Natacha Rimasson & Ferdinand Schlie',	NULL),
(6,	'Erika Padova',	NULL),
(7,	'Marie-Line Zucchiatti',	NULL),
(8,	'Emanuela Nanni & Nicolὸ Cecchella',	NULL),
(9,	'Claire Pellissier',	NULL),
(10,	'Sadok Gassouma',	NULL),
(11,	'Sana Abdi',	NULL),
(12,	'Houssam Jalal',	NULL),
(13,	'Jalel El Gharbi',	NULL),
(15,	'Sara Abdollahzade',	NULL),
(16,	'Alireza Ghafouri & Laetitia Gonon',	NULL),
(17,	'Hessam Noghrehchi',	NULL),
(18,	'Nina Soleymani Majd',	NULL),
(19,	'Lee So-yeon',	NULL),
(20,	'Lee Tae-yeon & Aline Marchand',	NULL),
(21,	'Moon So-Young',	NULL),
(22,	'Cha Hyang-mi & Thierry Laplanche',	NULL),
(23,	'Kohei Kuwada',	NULL),
(24,	'Jacques Lévy',	NULL),
(25,	'Midori Ogawa',	NULL),
(26,	'Thierry Maré',	NULL),
(27,	'Francesca Dell’Oro',	NULL),
(28,	'Matteo Capponi',	NULL),
(29,	'Christophe Cusset',	NULL),
(30,	'Antje Marianne Kolde',	NULL),
(31,	'Olivier Thévenaz',	NULL),
(32,	'Pierre Siegenthaler',	NULL),
(33,	'Charles Guittard',	NULL),
(34,	'Florian Barrière',	NULL),
(35,	'Sophie Hirschi',	NULL),
(36,	'Sophie Pointurier',	NULL);

DROP TABLE IF EXISTS `document`;
CREATE TABLE `document` (
  `id` int(11) NOT NULL AUTO_INCREMENT,
  `source_id` int(11) DEFAULT NULL,
  `content` longtext COLLATE utf8mb4_unicode_ci NOT NULL,
  `title` varchar(255) COLLATE utf8mb4_unicode_ci NOT NULL,
  `language_id` int(11) DEFAULT NULL,
  `author_id` int(11) NOT NULL,
  PRIMARY KEY (`id`),
  KEY `IDX_D8698A76953C1C61` (`source_id`),
  KEY `IDX_D8698A7682F1BAF4` (`language_id`),
  KEY `IDX_D8698A76F675F31B` (`author_id`),
  CONSTRAINT `FK_D8698A7682F1BAF4` FOREIGN KEY (`language_id`) REFERENCES `language` (`id`),
  CONSTRAINT `FK_D8698A76953C1C61` FOREIGN KEY (`source_id`) REFERENCES `document` (`id`),
  CONSTRAINT `FK_D8698A76F675F31B` FOREIGN KEY (`author_id`) REFERENCES `author` (`id`)
) ENGINE=InnoDB DEFAULT CHARSET=utf8mb4 COLLATE=utf8mb4_unicode_ci;

INSERT INTO `document` (`id`, `source_id`, `content`, `title`, `language_id`, `author_id`) VALUES
(1,	NULL,	'   \r\n En sortant de la caverne, nous verrons les mirages\r\n    qu’on rêve depuis toujours de traverser à pied sec :\r\n    des flaques d’eau qui s’évaporent quand on avance,\r\n    des nappes de lumière dans lesquelles on voit des lacs.\r\n\r\n    Aucun prophète, aucun pharaon pour marcher devant nous.\r\n    Pas de mer rouge qui s’ouvrirait d’elle-même\r\n    comme les grandes lèvres des femmes, mais un au-delà\r\n    qui recule en même temps que l’horizon.\r\n\r\n                                           *\r\n    Avec la neige la nappe est mise\r\n    sur les prés. Le ciel tout entier\r\n    pourrait tenir dans une cuiller en argent,\r\n    le ciel et deux ou trois soleils\r\n    sur les quatre que comptaient les Aztèques.\r\n\r\n    Le nôtre est un soleil d’hiver\r\n    qui éclaire le lieu du crime :\r\n    la goutte de sang, les plumes d’oiseau,\r\n    était-ce le festin des dieux\r\n    ou le repas du serpent ?\r\n\r\n                                           *\r\n    Tant de noms sous la neige\r\n    qui attendent les beaux jours\r\n    pour briller comme de l’or.\r\n\r\n    Autant de morts à la guerre\r\n    qui ont vu dans leurs yeux, leurs yeux hagards,\r\n    la campagne en fleurs derrière les barbelés.\r\n\r\n                                           *\r\n    Les montagnes à contrejour ressemblent à des enclumes,\r\n    et le soleil éclaire cette forge abandonnée.\r\n\r\n    Les étincelles, c’est le marteau du philosophe\r\n    qui les fait jaillir en tapant sur le vieux monde.\r\n\r\n    Un monde où l’on ferrait les chevaux\r\n    dans l’odeur de la corne, des chevaux battus\r\n    qui regardaient droit devant eux, à cause des œillères\r\n    que n’osaient pas porter les hommes.\r\n\r\n                                           *\r\n',	'texte original',	1,	1),
(2,	1,	'\r\n    Beim Heraustreten aus der Höhle werden wir die Luftspiegelungen sehen,\r\n    die man schon immer träumt, trockenen Fußes zu durchqueren:\r\n    Wasserlachen, die verdampfen, wenn man vorankommt,\r\n    Lichtflächen, in denen man Seen sieht.\r\n\r\n    Kein Prophet, kein Pharao, der vor uns hergeht,\r\n    kein Rotes Meer, das sich von selbst auftun würde\r\n    wie die großen Lippen der Frauen, aber ein Jenseits,\r\n    das zugleich mit dem Horizont zurückweicht.\r\n\r\n                                           *\r\n    Mit dem Schnee ist die Tischdecke\r\n    auf den Wiesen ausgebreitet. All der Himmel\r\n    könnte in einen Silberlöffel passen,\r\n    der Himmel und zwei oder drei\r\n    der vier Sonnen der Azteken.\r\n\r\n    Unsere ist eine Wintersonne,\r\n    die den Ort des Verbrechens bescheint:\r\n    der Blutstropfen, die Vogelfedern,\r\n    war es ein Festmahl der Götter\r\n    oder die Mahlzeit der Schlange?\r\n\r\n                                           *\r\n    So viele Namen unter dem Schnee,\r\n    die die schönen Tage erwarten,\r\n    um wie Gold zu glänzen.\r\n\r\n    Ebenso viele Tote im Krieg,\r\n    die in ihren Augen, ihren verstörten Augen,\r\n    blühendes Land hinter Stacheldraht gesehen haben.\r\n\r\n                                           *\r\n    Die Berge im Gegenlicht ähneln Ambossen\r\n    und die Sonne bescheint diese verlassene Schmiede.\r\n\r\n    Die Funken versprüht der Hammer des Philosophen,\r\n    indem er auf die alte Welt einschlägt.\r\n\r\n    Eine Welt, in der man Pferde beschlug\r\n    unter dem Geruch von Horn, geschlagene Pferde,\r\n    die geradeaus nach vorn blickten, wegen der Scheuklappen,\r\n    die die Menschen nicht zu tragen wagten.\r\n\r\n                                           *',	'traduction 1',	2,	2),
(3,	2,	'\r\n    Au sortir de la caverne nous verrons les mirages,\r\n    Que l’on rêve depuis toujours de traverser à pied sec :\r\n    Des flaques d’eau qui s’évaporent dès qu’on s’en approche,\r\n    Des étendues lumineuses dans lesquelles on voit des lacs.\r\n\r\n    Pas de prophète, pas de pharaon qui nous précède,\r\n    Pas de mer Rouge, qui s’ouvrirait d’elle même\r\n    Comme les grandes lèvres des femmes, mais un au-delà,\r\n    Qui recule en même temps que l’horizon.\r\n\r\n                                           *\r\n    Avec la neige, la nappe est étendue\r\n    Sur les prés. Le ciel entier\r\n    Tiendrait dans une cuillère d’argent,\r\n    Le ciel et deux ou trois\r\n    Des quatre soleils aztèques.\r\n\r\n    Le nôtre est un soleil hivernal,\r\n    Qui éclaire les lieux du crime :\r\n    La goutte de sang, les plumes d’oiseaux,\r\n    Était-ce un banquet des dieux\r\n    Ou le repas du serpent ?\r\n\r\n                                           *\r\n    Tant de noms sous la neige,\r\n    Qui attendent les beaux jours,\r\n    Pour briller comme de l’or.\r\n\r\n    Tout autant de morts à la guerre,\r\n    Qui dans leurs yeux, dans leurs yeux bouleversés,\r\n    Ont vu un pays florissant derrière les barbelés.\r\n\r\n                                           *\r\n    Les montagnes dans le contre-jour ressemblent à des enclumes\r\n    Et le soleil éclaire cette forge abandonnée.\r\n\r\n    Les étincelles jaillissent du marteau du philosophe\r\n    Tandis qu’il brise l’ancien monde.\r\n\r\n    Un monde dans lequel on ferrait les chevaux\r\n    Dans l’odeur de corne, des chevaux battus,\r\n    Qui regardaient droit devant, à cause des œillères,\r\n    Qui n’osaient pas servir de monture.\r\n\r\n                                           *',	'retrotraduction 1',	1,	3),
(4,	1,	'\r\n    Aus der Höhle tretend werden wir die Luftspiegelungen sehen,\r\n    die wir seit jeher trockenen Fußes zu durchqueren träumten:\r\n    Wasserpfützen, die verdunsten, wenn man aufbricht,\r\n    Schichten aus Licht, in denen man Seen sieht.\r\n\r\n    Kein Prophet, kein Pharao, der uns voranginge.\r\n    Kein Rotes Meer, das sich von selbst auftäte\r\n    wie die großen Lippen der Frauen, doch ein Jenseits,\r\n    das wie der Horizont zurückweicht.\r\n\r\n                                           *\r\n    Mit dem Schnee ist auf die Wiesen\r\n    das Tuch gelegt. Der ganze Himmel\r\n    hätte in einem silbernen Löffel Platz,\r\n    der Himmel und zwei oder drei Sonnen\r\n    von den vier, die die Azteken zählten.\r\n\r\n    Unsere ist eine Wintersonne,\r\n    die den Ort des Verbrechens bescheint:\r\n    der Blutstropfen, die Vogelfedern,\r\n    war es das Festmahl der Götter\r\n    oder das, woran die Schlange sich satt aß?\r\n\r\n                                           *\r\n    So viele Namen unterm Schnee,\r\n    die auf die schönen Tage warten,\r\n    um wie Gold zu glänzen.\r\n\r\n    Alles im Krieg Gefallene,\r\n    die vor ihren Augen, ihren stieren Augen,\r\n    das blühende Land hinterm Stacheldraht gesehen haben.\r\n\r\n                                           *\r\n    Die Berge gegen das Licht gleichen Ambossen,\r\n    und die Sonne bescheint diese verlassene Schmiede.\r\n\r\n    Die Funken lässt der Hammer des Philosophen\r\n    springen mit seinen Hieben auf die alte Welt.\r\n\r\n    Eine Welt, in der man Pferde beschlug\r\n    im Geruch des Horns, geschlagene Pferde,\r\n    die geradeaus schauten wegen der Scheuklappen,\r\n    die Menschen nicht zu tragen wagten.\r\n\r\n                                           *',	'traduction 2',	2,	4),
(5,	4,	'\r\n    En sortant de la caverne, nous verrons les mirages\r\n    que nous rêvions depuis toujours de traverser à pied sec :\r\n    des flaques d’eau qui s’évaporent quand on se met en route,\r\n    des couches de lumières où l’on voit des lacs.\r\n\r\n    Pas de prophète, pas de pharaon pour nous précéder.\r\n    Pas de mer Rouge qui s’ouvrirait d’elle-même\r\n    comme les grandes lèvres des femmes, mais tout de même un au-delà\r\n    qui recule, tel l’horizon.\r\n\r\n                                           *\r\n    Avec la neige, le drap est posé\r\n    sur les prairies. Le ciel tout entier\r\n    tiendrait dans une cuiller d’argent,\r\n    le ciel et deux ou trois soleils\r\n    des quatre que comptaient les Aztèques.\r\n\r\n    Le nôtre est un soleil d’hiver\r\n    qui éclaire le lieu du crime :\r\n    la goutte de sang, les plumes d’oiseaux,\r\n    était-ce le festin des Dieux\r\n    ou ce dont le serpent s’est rassasié ?\r\n\r\n                                           *\r\n    Tant de noms sous la neige\r\n    qui attendent les beaux jours\r\n    pour briller comme de l’or.\r\n\r\n    Tout ce qui est mort au combat,\r\n    ceux qui ont vu devant leurs yeux, leurs yeux vitreux\r\n    la campagne en fleur derrière les barbelés.\r\n\r\n                                           *\r\n    Les montagnes en contre-jour semblent des enclumes\r\n    et le soleil éclaire cette forge abandonnée.\r\n\r\n    Les étincelles, le marteau du philosophe les fait\r\n    jaillir par les coups qu’il porte à l’ancien monde.\r\n\r\n    Un monde où l’on ferrait les chevaux\r\n    dans l’odeur de la corne, des chevaux battus\r\n    qui regardaient devant eux à cause des œillères\r\n    que les hommes n’osaient pas porter.\r\n\r\n                                           *',	'retrotraduction 2',	1,	5),
(6,	1,	'\r\n\r\n    Uscendo dalla caverna, scorgeremo i miraggi\r\n    che da sempre sogniamo oltrepassare senza bagnarci:\r\n    pozze d’acqua che scompaiono all’incedere,\r\n    distese di luce che ci sembrano laghi.\r\n\r\n    Davanti a noi, nessun profeta, nessun faraone ad indicarci la via,\r\n    davanti a noi, nessun mare si spalanca\r\n    come le grandi labbra delle donne, ma,\r\n    davanti a noi, solo un aldilà ed un orizzonte\r\n    che insieme ci sfuggono.\r\n\r\n                                           *\r\n    Cade la neve, si stende la tovaglia\r\n    sui prati. Il cielo intero potrebbe intrattenersi,\r\n    il cielo, e due o tre\r\n    dei quattro soli degli Aztechi.\r\n\r\n    Il nostro è un sole d’inverno\r\n    che illumina la scena del crimine:\r\n    una goccia di sangue, piume d’uccello,\r\n    banchetto divino o pasto del serpente?\r\n\r\n                                           *\r\n    In tanti, coloro che sotto la neve\r\n    aspettano le belle giornate\r\n    per brillare come l’oro.\r\n\r\n    Altrettanti, i caduti in guerra\r\n    che nei loro occhi, occhi stravolti,\r\n    hanno riconosciuto la natura in fiore oltre il filo spinato.\r\n\r\n                                           *\r\n    I monti, controluce, sembrano incudini\r\n    di una fucina abbandonata rischiarata dal sole.\r\n\r\n    Il martello del filosofo,\r\n    battendo sul passato,\r\n    accende le scintille.\r\n\r\n    Un passato in cui si ferravano i cavalli\r\n    tra l’odore del corno bruciato,\r\n    cavalli percossi, obbligati a guardare avanti\r\n    da paraocchi che gli uomini non avevano il coraggio di portare.\r\n\r\n                                           *',	'traduction 1',	3,	6),
(7,	6,	'\r\n\r\n    Au sortir de la caverne, nous apercevrons les mirages\r\n    que depuis toujours nous rêvons d’outrepasser sans nous mouiller :\r\n    flaques d’eau s’évanouissant à notre approche\r\n    étendues de lumières qui nous semblent lacs.\r\n\r\n    Devant nous, aucun prophète, aucun pharaon pour nous indiquer la\r\n    voie, devant nous, aucune mer ne s’ouvre\r\n    telles les grandes lèvres des femmes, mais,\r\n    devant nous, rien qu’un au-delà et un horizon\r\n    qui tous deux nous échappent.\r\n\r\n                                           *\r\n    Tombe la neige, la nappe s’étend\r\n    sur les prés. Le ciel tout entier pourrait s’entretenir,\r\n    le ciel, et deux ou trois\r\n    des quatre soleils des Aztèques.\r\n\r\n    Notre soleil est celui de l’hiver\r\n    qui illumine la scène du crime :\r\n    une goutte de sang, plume d’oiseau,\r\n    banquet divin ou repas du serpent ?\r\n\r\n                                           *\r\n    Nombreux sont ceux qui sous la neige\r\n    attendent les beaux jours\r\n    pour briller comme de l’or.\r\n\r\n    Aussi nombreux que ceux tombés au front\r\n    et dont les yeux, les yeux bouleversés\r\n    ont reconnu la nature en fleur derrière les barbelés.\r\n\r\n                                           *\r\n    Les montagnes, en contre-jour, comme des enclumes\r\n    d’une forge abandonnée éclairée par le soleil.\r\n\r\n    Le marteau du philosophe,\r\n    en tapant sur le passé,\r\n    allume les étincelles.\r\n\r\n    Un passé où l’on ferrait les chevaux\r\n    dans l’odeur de la corne brulée,\r\n    chevaux battus, obligés de regarder en avant\r\n    par des œillères que les hommes n’avaient pas le courage de porter.\r\n\r\n                                           *',	'retrotraduction 1',	1,	7),
(8,	1,	'\r\n\r\n    Uscendo dalla caverna, vedremo i miraggi\r\n    che da sempre sogniamo di oltrepassare a piedi asciutti:\r\n    pozze d’acqua che evaporano quando si avanza,\r\n    falde di luce in cui scorgere laghi.\r\n\r\n    Nessun profeta, nessun faraone a camminare davanti a noi.\r\n    Non il mar rosso ad aprirsi da solo\r\n    come le grandi labbra delle donne, ma un aldilà\r\n    che indietreggia assieme all’orizzonte.\r\n\r\n                                           *\r\n    Con la neve è stesa la tovaglia\r\n    sui prati. Il cielo nella sua interezza\r\n    potrebbe stare in un cucchiaio d’argento,\r\n    il cielo e due o tre soli\r\n    sui quattro che contavano gli Aztechi.\r\n\r\n    Il nostro è un sole d’inverno\r\n    che illumina il luogo del delitto\r\n    la goccia di sangue, le piume dell’uccello,\r\n    era il simposio degli dei\r\n    o il pasto del serpente?\r\n\r\n                                           *\r\n    Tanti i nomi sotto la neve\r\n    che aspettano i bei giorni\r\n    per brillare come oro.\r\n\r\n    Altrettanti i morti in guerra\r\n    che hanno visto nei loro occhi, occhi stravolti,\r\n    la campagna in fiore dietro il filo spinato.\r\n\r\n                                           *\r\n    Le montagne in controluce somigliano ad incudini,\r\n    e il sole illumina questa fucina abbandonata.\r\n\r\n    Le scintille scaturiscono dal martello del filosofo\r\n    quando percuote il vecchio mondo.\r\n\r\n    Un mondo in cui si ferravano i cavalli\r\n    nell’odore del corno bruciato, cavalli frustati\r\n    che guardavano dritto davanti a loro costretti dai paraocchi\r\n    che non osavano mettere gli uomini.\r\n',	'traduction 2',	3,	8),
(9,	8,	'\r\n\r\n    En sortant de la caverne, nous verrons les mirages\r\n    que depuis toujours nous rêvons de traverser à pied sec :\r\n    flaques d’eau qui s’évaporent quand on avance,\r\n    puits de lumière où l’on aperçoit des lacs.\r\n\r\n    Aucun prophète, aucun pharaon pour marcher devant nous.\r\n    Pas de mer Rouge pour s’ouvrir toute seule\r\n    comme les grandes lèvres des femmes, mais un au-delà\r\n    qui recule en même temps que l’horizon.\r\n\r\n                                           *\r\n    Avec la neige la nappe est étendue\r\n    sur les prés. Le ciel tout entier\r\n    pourrait tenir dans une cuillère d’argent,\r\n    le ciel et deux ou trois soleils\r\n    sur les quatre que comptaient les Aztèques.\r\n\r\n    Le nôtre est un soleil d’hiver\r\n    qui éclaire le lieu du délit :\r\n    la goutte de sang, les plumes de l’oiseau,\r\n    était-ce le symposium des dieux\r\n    ou le repas du serpent ?\r\n\r\n                                           *\r\n    Tant de noms sous la neige\r\n    qui attendent les beaux jours\r\n    pour briller comme de l’or.\r\n\r\n    Autant de morts à la guerre\r\n    qui ont vu dans leurs yeux, yeux révulsés,\r\n    la campagne en fleurs derrière les barbelés.\r\n\r\n                                           *\r\n    Les montagnes à contre-jour ressemblent à des enclumes,\r\n    et le soleil éclaire cette forge abandonnée.\r\n\r\n    Les étincelles jaillissent du marteau du philosophe\r\n    quand il pilonne le vieux monde.\r\n\r\n    Un monde où l’on ferrait les chevaux\r\n    dans l’odeur de la corne brûlée, chevaux fouettés\r\n    qui regardaient droit devant eux, contraints par les œillères\r\n    que n’osaient porter les hommes.\r\n\r\n                                           *',	'retrotraduction 2',	1,	9),
(10,	1,	'\r\n\r\n    عند خروجنا من الكهف سنرى السراب\r\n    الذي حلمنا منذ الأزل بأن نعبره دون أن تبتلّ أقدامُنا:\r\n    بِرَكُ الماء التي تتبخّر عندما نتقدّم،\r\n    ينابيعُ ضوءٍ فيها نرى سباخا.\r\n\r\n    لا يوجد نبيّ ولا فرعون حتّى يسير أمامنا.\r\n    لا يوجد بحر أحمر ينفتح من تلقاء ذاته\r\n    كما تنفتح الشفتان الكبيرتان عند النساء، ولكن يوجد عالَمٌ وراء ذلك\r\n    يمتدّ متّسعا، في نفس الوقت الذي يمتدّ فيه الأفق.\r\n\r\n    *                                       \r\n    مع الثلج وُضِع النبْعُ على المروج.\r\n    السماء كلّها يمكن أن تنحصر في ملعقة من فضّة،\r\n    السماء وشمسان أو ثلاث\r\n    من جملة الشموس الأربع عند شعب \"الآزتاك\".\r\n\r\n    شمسُنا نحن شمسُ شتاءٍ\r\n    تضيء مكان الجريمة:\r\n    قطرة الدم، وريش الطائر\r\n    هل هذا وليمة الآلهة؟\r\n    أم غداء الثعبان؟\r\n\r\n    *                                       \r\n    أسماء كثيرة تحت الثلج\r\n    تنتظر الأيّام الجميلة\r\n    لتلمع كالذهب.\r\n\r\n    هذا العدد الكبير من الموتى في الحرب\r\n    الذين رأوا في عيونِهم، عيونِهم المروَّعة\r\n    الريفَ المزهر خلف الأسلاك الشائكة.\r\n\r\n    *                                       \r\n    الجبال المضاءة بنور النهار من الخلف شبيهة بسنادين\r\n    والشمس تضيء محلّ الحدادة ذاك المهجور.\r\n\r\n    الشرارات أنّما تقدحها مطرقةُ الفيلسوف\r\n    عند قرْعها العالم القديم.\r\n\r\n    عالم كانت ُصفَّح فيه الخيلُ\r\n    في خضمّ رائحة القرن، خيل مضروبة\r\n    كانت تنظر مباشرة أمامها بسبب غمامات العينيْن\r\n    وهي لا تتجرّا على حمْل الرجال.\r\n\r\n    *                             ',	'traduction 1',	4,	10),
(11,	10,	'    En sortant de la caverne nous verrons le mirage\r\n    Que nous avons rêvé de traverser depuis l’éternité sans nous mouiller les pieds :\r\n    Les mares d’eau qui s’évaporent, au fur et à mesure qu’on avance,\r\n    Des sources de lumière dans lesquelles nous voyons des étendues salées.\r\n\r\n    Il n’y a ni prophète ni pharaon pour ouvrir la marche.\r\n    Il n’y a pas de mer rouge qui s’ouvre d’elle-même\r\n    Comme s’entrouvrent les grosses lèvres chez les femmes, mais il existe un monde au-delà,\r\n    Qui s’étend, vaste, en même temps que s’y étend l’horizon.\r\n\r\n                                           *\r\n    Avec la neige se posa la source sur les prés.\r\n    Le ciel entier peut se concentrer dans une cuillère en argent,\r\n    Le ciel ainsi que deux ou trois soleils\r\n    Parmi les quatre soleils chez le peuple aztèque.\r\n\r\n    Notre soleil à nous est un soleil d’hiver\r\n    Qui éclaire la scène du crime :\r\n    La goutte de sang et la plume d’oiseau\r\n    Est-ce là le banquet des dieux ?\r\n    Ou le repas du serpent ?\r\n\r\n                                           *\r\n    Beaucoup de noms sous la neige\r\n    Attendent les beaux jours\r\n    Pour briller comme l’or.\r\n\r\n    Ce grand nombre de morts pendant la guerre\r\n    Ceux qui ont vu dans leurs yeux, leurs yeux effarés,\r\n    La prairie fleurie derrière les fils barbelés.\r\n\r\n                                           *\r\n    Au loin, les montagnes illuminées de la lumière du jour ressemblent à des chênes\r\n    Et le soleil éclaire cette forge abandonnée.\r\n\r\n    Les étincelles, c’est le marteau du philosophe\r\n    Qui les fait jaillir en martelant le monde ancien.\r\n\r\n    Un monde où les chevaux ont été ferrés\r\n    Dans les exhalaisons de corne, des chevaux battus\r\n    Regardant tout droit devant eux à cause des œillères\r\n    Et n’osant pas porter les hommes.\r\n\r\n                                           *',	'retrotraduction 1',	1,	11),
(12,	1,	'\r\n    بعد أن نخرج من المغارة، سنرى السراب\r\n    نحلم منذ الأزل بعبوره، دون أن نبلل أقدامنا:\r\n    مستنقعات ماء تتبخر كلما تقدمنا في سيرنا،\r\n    وسحابات من النور فيها نجد بحيرات.\r\n\r\n    لا نبياً، ولا فرعونًا ليسير أمامنا\r\n    ولا بحر أحمر ينفتح على نفسه\r\n    كشفاه كبيرة لنساء، لكن في البعيد\r\n    يتراجع البحر على طول الأفق.\r\n\r\n    *                                       \r\n    ومع الثلج يمتد غطاء فوق المروج\r\n    والسماء كلها في ملعقة فضة تُحمل\r\n    السماء وشمسان أو ثلاثة\r\n    من الأربعة التي كان يحصيها الأزتيك.\r\n\r\n    شمسنا شمس شتاء\r\n    تضيء مسرح الجريمة:\r\n    نقطة دم، وريش طيور\r\n    كانت هي وليمة الآلهة\r\n    أم وجبة الأفعى؟\r\n\r\n    *                                       \r\n    الأسماء كثيرة تحت الثلج\r\n    تنتظر جميل الأيام\r\n    لتتلألأ كالذهب.\r\n\r\n    الأموات كثر في الحرب\r\n    رأوا في عيونهم، عيونهم الزائغة،\r\n    حقول الزهر خلف الأسلاك الشائكة.\r\n\r\n    *                                       \r\n    الجبال في النور المنعكس تبدو سندان،\r\n    والشمس تضيء ذلك المصهر المهجور.\r\n\r\n    الشرارة بمطرقة الفيلسوف تفجرت\r\n    وهو يطرق العالم القديم.\r\n\r\n    عالم كانت فيه الأحصنة تُبيطر وتُحدى\r\n    في رائحة الروقِ، أحصنة تُضرب\r\n    تنظرُ أمامها، فالغَمائمُ على عينيها\r\n    البشر كانوا لا يجرؤون على وضعها.\r\n\r\n    *                                       ',	'traduction 2',	4,	12),
(13,	12,	'\r\n\r\n    Une fois sortis de la caverne, nous verrons le mirage\r\n    Nous rêvons depuis l’éternité de le franchir, sans nous mouiller les pieds\r\n    Des flaques d’eau s’évaporent à mesure que nous progressons dans notre marche\r\n    Et des nuées de lumière où nous trouvons des lacs.\r\n\r\n    Ni prophète, ni pharaon pour marcher devant nous,\r\n    Ni mer Rouge s’ouvrant sur elle-même\r\n    Comme de grandes lèvres de femmes, mais au loin\r\n    La mer se retire tout au long de l’horizon.\r\n\r\n                                           *\r\n    Et avec la neige s’étend une couche sur l’herbe\r\n    Et le ciel tout entier est dans une cuillère d’argent à laquelle on fait porter\r\n    Le ciel et deux ou trois soleils\r\n    Parmi les quatre que comptaient les Aztèques.\r\n\r\n    Notre soleil est un soleil d’hiver\r\n    Il éclaire la scène du crime :\r\n    Une goutte de sang et des plumes d’oiseau\r\n    Etait-ce un banquet divin\r\n    Ou bien le repas de la vipère ?\r\n\r\n                                           *\r\n    Les noms sont nombreux sous la neige\r\n    À attendre les beaux jours\r\n    Pour scintiller comme l’or.\r\n\r\n    Les morts sont nombreux à la guerre\r\n    Ils ont vu dans leurs yeux, dans leurs yeux hagards\r\n    Des champs de fleurs derrière les barbelés.\r\n\r\n                                           *\r\n    Dans la lumière réfléchie, les montagnes ressemblent à des enclumes\r\n    Et le soleil éclaire ce fusible abandonné.\r\n\r\n    Avec le marteau du philosophe, l’étincelle a explosé\r\n    Alors qu’il martèle le vieux monde.\r\n\r\n    Un monde où les chevaux étaient ferrés et conduits\r\n    Dans l’odeur des cornes, des chevaux estampillés\r\n    Regardent droit devant car ils portent des œillères\r\n    Que les gens n’osaient point mettre.\r\n\r\n                                           *',	'retrotraduction 2',	1,	13),
(14,	1,	'\r\n    با خروج از غار سرابهایی را خواهیم دید\r\n    که همیشه می پنداشتیم با پای خشکیده از ﺁنها عبور کنیم\r\n    جلوتر که می رویم گودالهای ﺁبی که تبخیر می شوند\r\n    سفره های روشنایی که در ﺁنها دریاچه ها را می بینیم\r\n\r\n    هیچ پیامبری، هیچ فرعونی نیست که راه را نشانمان دهد\r\n    و نه دریای سرخ که به خودی خود گشاده شود\r\n    چونان لبان بزرگ زنان، اما دنیای دیگری نیز هست\r\n    که همزمان با افق عقب نشینی می کند\r\n\r\n    *                                       \r\n    همراه برف سفره ای روی مراتع گسترده شده است\r\n    کل ﺁسمان\r\n    در یک قاشق نقره ای جمع می شود\r\n    ﺁسمان و دو یا سه خورشید\r\n    از چهار تایی که ﺁزتک ها می شمردند\r\n\r\n    خورشید ما خورشید زمستانیست\r\n    که صحنه جرم را روشن می کند\r\n    قطره خون، پرهای پرنده\r\n    ضیافت خدایان است\r\n    یا خوراک مار؟\r\n\r\n    *                                       \r\n    زیر برف پر از نامهایی است\r\n    که در انتظار روزهای زیبایند\r\n    که همچون طلا بدرخشند\r\n\r\n    چه بسیاراز مردگان در جنگ\r\n    که در چشمانشان دیدند، در چشمان فرو رفته شان\r\n    مزرعه پر گل پشت سیم های خار دار را\r\n\r\n    *                                       \r\n    کوهها در تاریکی به سندانهایی می مانند\r\n    و خورشید این ﺁهنگری متروکه را روشنایی می بخشد\r\n\r\n    جرقه ها، چکش فیلسوفند\r\n    که با کوبیدن به دنیای کهنه فواره می زنند\r\n\r\n    دنیایی که در ﺁن اسبها را ﺁماده می کنیم\r\n    در عطر ﺁمیخته از نعل، اسبان کتک خورده\r\n    که با داشتن چشم بند تنها مقابل خود را می دیدند\r\n    و جرات سوار کردن انسانها را نداشتند\r\n\r\n    *                                       \r\n',	'traduction 1',	5,	15),
(15,	14,	'\r\n\r\n    En sortant de la grotte, nous verrons les mirages\r\n    Que toujours nous pensions traverser les pieds raides\r\n    En avançant nous apercevons les trous d’eau qui s’évaporent\r\n    Et les grandes nappes de lumière au travers desquelles apparaissent les lacs\r\n\r\n    Il n’existe aucun prophète ni pharaon pour nous montrer la voie\r\n    Et pas non plus la mer Rouge qui s’étend toute seule devant nous\r\n    Comme les grandes lèvres des femmes. Mais il existe un autre monde\r\n    Qui recule en même temps que l’horizon\r\n\r\n                                           *\r\n    La neige déploie une nappe sur les pelouses\r\n    Tout le ciel s’est contracté dans une cuillère d’argent\r\n    Le ciel et deux ou trois soleils\r\n    Parmi les quatre que comptaient les Aztèques\r\n\r\n    Notre soleil est un soleil d’hiver\r\n    Qui éclaire la scène du crime\r\n    Cette goutte de sang, ces plumes d’oiseaux\r\n    Annoncent-elles la fête des dieux ou le repas du serpent ?\r\n\r\n                                           *\r\n    La neige recouvre le nom des personnes\r\n    Attendant de beaux jours\r\n    Afin de briller comme l’or\r\n\r\n    Que de morts à la guerre\r\n    Qui entrevirent de leurs yeux enfoncés\r\n    La ferme pleine de fleurs derrière les fils de fer barbelés\r\n\r\n                                           *\r\n    Les montagnes dans l’obscurité ressemblent aux enclumes\r\n    Et le soleil éclaire cette forge abandonnée\r\n\r\n    Les étincelles sont le marteau du philosophe\r\n    Qui jaillissent lorsqu’il bat l’ancien monde\r\n\r\n    Un monde où les chevaux sont sellés\r\n    Dans l’odeur mêlée du fer à cheval, les chevaux battus\r\n    Qui avec les œillères ne voyaient que devant eux\r\n    Et craignaient d’être la monture des hommes\r\n\r\n                                           *',	'retrotraduction 1',	1,	16),
(16,	1,	'\r\n\r\n    هنگام خروج از غار سراب هایی می بینیم\r\n    که از ازل می خواستیم از آن ها بگذریم بی آن که پاهایمان تر شود\r\n    چاله آب هایی که وقتی پیش می رویم بخار می شوند\r\n    سفره های نوری که در آن دریاچه می بینیم\r\n\r\n    نه هیچ پیغیری نه هیچ فرعونی که پیشاپیش برود\r\n    نه هیچ دریای سرخی که مثل لبان درشت زنان\r\n    خود به خود باز شود. بلکه ماورایی\r\n    که همزمان با افق پس می رود\r\n\r\n    *                                       \r\n    با برف سفره ای روی مراتع پهن شده.\r\n    تمام آسمان در قاشق نقره ای می گنجد\r\n    آسمان و دو یا سه خورشید\r\n    از چهار خورشیدی که آزتک ها به آن باور داشتند\r\n\r\n    خورشید ما خورشید زمستان است\r\n    که محل جرم را روشن می کند\r\n    قطره خون، پرهای پرنده\r\n    ضیافت خدایان بوده یا غذای مار؟\r\n\r\n    *                                       \r\n    این همه نام زیر برف\r\n    که منتظر روزهای زیبایند\r\n    تا چون طلا بدرخشند\r\n\r\n    این همه مرده در جنگ\r\n    که با چشمانشان، چشمان سرگردانشان\r\n    روستاهای غرق گل را پشت سیم خاردارها دیده اند\r\n\r\n    *                                       \r\n    کوهها در حالت ضد نور به سندان می مانند\r\n    و خورشید این کارگاه آهنگری رها شده را روشن می کند\r\n\r\n    چکش فیلسوف است که با کوبیدن\r\n    روی جهان کهنه جرقه می پراند\r\n\r\n    جهانی که در آن اسب ها را در بوی دیواره سم\r\n    نعل می کردند، اسب های کتک خورده\r\n    که به خاطر چشم بندهاشان راست به جلو نگاه می کردند\r\n    چشم بندهایی که انسان جرات نداشت بزند\r\n\r\n    *                                       ',	'traduction 2',	5,	17),
(17,	16,	'\r\n\r\n    au sortir de la caverne s’offrent à nos yeux des mirages aqueux\r\n    que nous cherchions depuis l’éternité à traverser sans nous mouiller les pieds\r\n    des étendues d’eau qui dès qu’on s’en approche s’évaporent dans les airs\r\n    des nappes de lumière que nous discernons dans ces lacs\r\n\r\n    aucun prophète ni aucun pharaon qui nous guide\r\n    aucune mer rouge qui comme les lèvres rondes des femmes\r\n    s’ouvre d’elle-même. Mais au contraire un au-delà\r\n    qui recule en même temps que l’horizon\r\n\r\n                                           *\r\n    la neige a recouvert d’une nappe les pâturages\r\n    le ciel entier tient dans une cuillère d’argent\r\n    le ciel ainsi que deux ou trois soleils\r\n    de ces quatre soleils auxquels croyaient les Aztèques\r\n\r\n    notre soleil à nous est un soleil d’hiver\r\n    qui dévoile le lieu du crime\r\n    une goutte de sang, les ailes des oiseaux\r\n    fut-ce le festin des dieux ou la pâture des serpents ?\r\n\r\n                                           *\r\n    tous ces noms sous la neige\r\n    qui attendent les beaux jours\r\n    pour briller comme l’or\r\n\r\n    tous ces morts à la guerre\r\n    qui de leurs yeux, de leurs yeux égarés\r\n    virent au travers des barbelés les villages pleins de fleurs\r\n\r\n                                           *\r\n    les montagnes à contre-jour sont pareilles à des enclumes\r\n    et le soleil éclaire cette forge abandonnée\r\n\r\n    c’est le marteau du philosophe qui, en frappant\r\n    la face de ce monde ancien, fait jaillir des étincelles\r\n\r\n    ce monde dans lequel on garnissait les sabots des chevaux\r\n    de fers, des chevaux qu’on battait\r\n    qui à cause de leurs œillères regardaient droit devant eux\r\n    des œillères que l’être humain n’avait pas le courage de porter\r\n\r\n                                           *\r\n',	'retrotraduction 2',	1,	18),
(18,	1,	'\r\n\r\n    동굴을 나서면 우리 눈에 보일 신기루들,\r\n    오래전부터 마른 발로 건너가길 꿈꾸었네.\r\n    나아가면 사라지는 물웅덩이들,\r\n    호수들이 비추는 빛의 층들.\r\n\r\n    앞장서는 예언자 하나, 파라오 하나 없네.\r\n    여인들의 은밀한 입술처럼 절로 열릴\r\n    홍해도 없는데, 지평선과 동시에\r\n    물러나는 저 세상.\r\n\r\n                                           *\r\n\r\n    눈 내리면 풀밭 위로 빛의 층\r\n    퍼지고, 온 하늘\r\n    은수저 안에 담길 만한데,\r\n    하늘, 그리고 아즈텍인들이 세던\r\n    태양 넷 중 둘 셋.\r\n\r\n     우리 것은 범죄의 현장을\r\n    비추는 겨울의 태양이라네.\r\n    핏방울, 깃털들,\r\n    신들의 향연이었나\r\n    아니면 뱀의 식사였나?\r\n\r\n                                           *\r\n\r\n    황금처럼 빛나기 위해\r\n    화창한 날들을기다리는\r\n    흰 눈 아래 숱한 이름들.\r\n\r\n    그 자신의 눈으로, 겁에 질린 눈으로\r\n    철조망 뒤 꽃 핀 들판을 보았던\r\n    그만큼 많은 전사자들.\r\n\r\n                                           *\r\n\r\n    역광을 받은 산은 모루를 닮았고,\r\n    태양은 버려진 이 대장간을 비추네.\r\n\r\n    불꽃, 낡은 세계를 내리치며\r\n    불꽃을 튀기는 철학자의 망치.\r\n\r\n     산수유 내음 속에\r\n    말들에 편자를 박던 세계,\r\n    인간들은 차마 쓰지 못하던 눈가리개 탓에\r\n    패배한 말들은 똑바로 앞만 바라보고 있었네.\r\n\r\n                                           *',	'traduction 1',	6,	19),
(19,	18,	'\r\n\r\n    C’est un vieux rêve, nous traverserons à pied sec\r\n    Les mirages qui éblouissent à la sortie d’une grotte,\r\n    Les flaques d’eau qui disparaissent en avançant,\r\n    Les strates de lumière que les lacs reflètent.\r\n\r\n    Pas un prophète, pas un pharaon pour nous guider !\r\n    Sans la mer Rouge qui s’ouvre elle-même\r\n    Comme les lèvres secrètes des femmes,\r\n    L’autre monde s’éloigne avec l’horizon.\r\n\r\n                                           *\r\n    Sous la neige, les strates de lumière\r\n    Se répandent sur l’herbe,\r\n    Au creux d’une cuillère argentée\r\n    Se lovent le ciel entier et deux ou trois des quatre soleils\r\n    Que les Aztèques comptaient.\r\n\r\n    Le nôtre est soleil hivernal\r\n    Qui reflète la scène du drame.\r\n    Seraient-ce les gouttes de sang,\r\n    Les plumes, le banquet des dieux\r\n    Ou le festin du serpent ?\r\n\r\n                                           *\r\n    De nombreux noms sous la neige blanche\r\n    Attendent les beaux jours\r\n    Pour briller comme l’or.\r\n\r\n    De leurs yeux épouvantés,\r\n    Les morts innombrables de la guerre avaient contemplé\r\n    Le champ fleuri à l’infini derrière les barbelés.\r\n\r\n                                           *\r\n    La montagne à contre-jour ressemble à l’enclume,\r\n    Le soleil éclaire cette forge abandonnée.\r\n\r\n    Le marteau du philosophe projette\r\n    Des étincelles en frappant le vieux monde.\r\n\r\n    Dans le parfum des cornes,\r\n    Du temps où l’on ferrait les sabots,\r\n    Sous les œillères que les humains n’osaient porter,\r\n    Les chevaux vaincus regardaient droit devant.\r\n\r\n                                           *',	'retrotraduction 1',	1,	20),
(20,	1,	'\r\n\r\n    동굴에서 나가면, 발 적시지 않고\r\n    건너기를 오래전부터 꿈꿔 온 신기루를 보게 되리라.\r\n    앞으로 나아가면 자취를 감춰버리는 물웅덩이,\r\n    겹겹이 쌓인 빛 속에 호수들이 보이는구나.\r\n\r\n    우리 앞을 걷는 선지자나 파라오는 없나니.\r\n    여인들의 대음순처럼 열리는\r\n    홍해는 없으되, 지평선과 동시에 물러나는\r\n    저 세상이 있구나.\r\n\r\n                                           *\r\n\r\n    눈이 내려 초원 위에\r\n    식탁보가 깔렸네. 은수저에\r\n    하늘이 전부 담길 듯하네\r\n    하늘 그리고 아즈텍 사람들이 세어보던 네 개의 태양 중\r\n    두 개 혹은 세 개의 태양\r\n\r\n    범죄 현장을 밝히는\r\n    겨울 태양은 우리의 것\r\n    핏방울, 새의 깃털,\r\n    신들의 향연이었을까\r\n    뱀의 식사였을까?\r\n\r\n                                           *\r\n\r\n    황금처럼 빛나기 위해\r\n    아름다운 날들을 기다리는\r\n    눈 속에 파묻혀 있는 수많은 이름들.\r\n\r\n    그들의 눈, 얼빠진 눈에서\r\n    철조망 뒤로 꽃이 만발하게 핀 평야를 보았던\r\n    전쟁에서의 수많은 죽음들.\r\n\r\n                                           *\r\n\r\n    햇빛을 등진 산은 모루와 닮아 있고,\r\n    태양은 이 버려진 대장간을 비추고 있구나\r\n\r\n    섬광, 오래된 세상을 내려쳐 섬광을 튀기는 것은\r\n    철학자의 망치\r\n\r\n    모루 뿔의 냄새 맡으며\r\n    말의 편자를 박던 세상, 인간은 쓸 엄두조차 내지 않던\r\n    눈가리개로 인해, 앞만 바라보던\r\n    채찍질당하는 말들\r\n\r\n                                           *',	'traduction 2',	6,	21),
(21,	20,	'\r\n\r\n    Si tu sors de la grotte, tu verras le mirage\r\n    que depuis longtemps tu rêves de traverser sans te mouiller les pieds.\r\n    Des flaques d’eau qui disparaissent à mesure que tu avances,\r\n    des lacs baignés de feuilles de lumière.\r\n\r\n    Il n’y a ni prophètes, ni pharaons qui nous précèdent,\r\n    ni mer Rouge qui s’ouvre comme les grandes lèvres d’une femme,\r\n    mais l’au-delà\r\n    qui en même temps que l’horizon recule.\r\n\r\n                                           *\r\n    La neige est tombée, et voilà la prairie\r\n    recouverte d’une nappe de table. Dans la cuiller en argent\r\n    peut rentrer le ciel tout entier.\r\n    Le ciel et deux ou trois des quatre soleils\r\n    que comptaient les Aztèques.\r\n\r\n    Il ne reste pour nous\r\n    que le soleil d’hiver éclairant le lieu du crime,\r\n    des gouttes de sang, des plumes d’oiseaux.\r\n    Était-ce le festin des dieux,\r\n    ou bien le repas d’un serpent ?\r\n\r\n                                           *\r\n    D’innombrables noms dans la neige\r\n    qui attendent les beaux jours\r\n    pour briller comme de l’or.\r\n\r\n    D’innombrables morts de la guerre\r\n    dont les yeux, les yeux hagards fixaient\r\n    la plaine en fleurs derrière les barbelés.\r\n\r\n                                           *\r\n    Adossée au jour, la montagne ressemble à une enclume,\r\n    le soleil illumine cette forge abandonnée.\r\n\r\n    L’éclair, ce qui fait jaillir l’éclair en cognant sur le vieux monde,\r\n    c’est le marteau du philosophe.\r\n\r\n    Ce bas monde où, respirant l’odeur de la corne de l’enclume,\r\n    on ferrait les chevaux, les chevaux qui, sous les coups de cravache,\r\n    ne regardaient que devant eux,\r\n    avec ces œillères que jamais l’homme n’osa porter.\r\n\r\n                                           *',	'retrotraduction 2',	1,	22),
(22,	1,	'\r\n\r\n    洞窟から出たとき、わたしたちは蜃気楼を目にすることになるだろう\r\n    ずっと昔から足を濡らすことなくそこを通過したいと願ってきた\r\n    歩みを進めると蒸発してしまう水だまりを\r\n    湖の見える光の広がりを。\r\n\r\n    先導してくれる預言者もファラオもなく\r\n    女の大きな唇のようにおのずから開いてくれる紅い海もなく、\r\n    ひとつの彼岸が、\r\n    水平線とともに後退していくばかりである。\r\n\r\n                                           *\r\n    雪が降り、草原には一面\r\n    テーブルクロスが広がる。空全体は\r\n    銀の匙のなかに収まってしまうだろう\r\n    空と、アステカ文明が4つあると思っていた\r\n    うちの２つか３つの太陽が。\r\n\r\n    わたしたちの太陽は冬の太陽\r\n    犯行現場を照らし出す\r\n    滴る血液、鳥の羽\r\n    神々の宴があったのか\r\n    それとも蛇の食事だったのか？\r\n\r\n                                           *\r\n    雪の下に埋もれたどれほど多くの名が\r\n    黄金のごとく輝くために\r\n    美しい日々を待ち望んでいることか。\r\n\r\n    戦場ではどれほど多くの死者が\r\n    その目で、その血走った目で、\r\n    鉄条網の向こうに花咲く田園の風景を見たことか。\r\n\r\n                                           *\r\n    陽の光を背にした山々はまるで金床のよう\r\n    見捨てられたこの鍛冶場を太陽が照らしている。\r\n\r\n    そこでは哲学者の金槌が旧世界を打ちつけ\r\n    火花をとばしている。\r\n\r\n    それは蹄の匂いがする中で\r\n    馬に蹄鉄を打っていた頃のこと。打たれた馬たちは\r\n    人間にはとうてい身につける勇気のなかった\r\n    遮眼帯のおかげで、まっすぐに前を向いていた。\r\n\r\n                                           *',	'traduction 1',	7,	23),
(23,	22,	'\r\n\r\n    Nous verrons en sortant de la grotte\r\n    Le mirage que nous avions depuis toujours rêvé de traverser sans nous mouiller\r\n    La flaque d’eau qui s’évapore à mesure que nous avançons\r\n    L’étendue de lumière où transparaît un lac\r\n\r\n    Sans prophète pour nous conduire ni pharaon\r\n    Sans mer Rouge qui s’ouvre telles les grandes lèvres d’une femme\r\n    Juste un au-delà\r\n    Qui recule avec l’horizon\r\n\r\n                                           *\r\n    Il neige et une nappe\r\n    Recouvre toute la prairie\r\n    Le ciel pourrait tout entier tenir dans une cuiller d’argent\r\n    Le ciel et deux ou trois soleils\r\n    Parmi les quatre que comptait la civilisation aztèque\r\n\r\n    Le nôtre est le soleil de l’hiver\r\n    Qui éclaire le lieu du crime \r\n    Sang qui goutte et plumes d’oiseau\r\n    Festin des dieux ou\r\n    Repas d’un serpent\r\n\r\n                                           *\r\n    Combien de noms ensevelis sous la neige\r\n    Attendent les beaux jours\r\n    Pour briller comme l’or\r\n\r\n    Combien de morts au champ d’honneur\r\n    De leurs yeux injectés de sang\r\n    Ont-ils vu le champ fleuri derrière les barbelés\r\n\r\n                                           *\r\n    Les montagnes à contre-jour sont pareilles à l’enclume\r\n    D’une forge abandonnée qu’illumine le soleil\r\n\r\n    Où le marteau du philosophe bat l’ancien monde\r\n    En faisant jaillir les étincelles\r\n\r\n    C’était au temps du ferrage quand\r\n    Dans l’odeur du sabot\r\n    Les chevaux fixaient droit devant eux\r\n    Grâce aux œillères que les hommes n’avaient pas le courage de porter\r\n\r\n                                           *',	'retrotraduction 1',	1,	24),
(24,	1,	'\r\n\r\n    洞窟を出て、ぼくらは抱くだろう\r\n    いつも夢見ていた、足を濡らさずに渡る幻想を\r\n    前進するにつれ、蒸発する水たまりの中を\r\n    湖を覆う光の層の中を\r\n\r\n    前を歩む預言者も、ファラオもいない\r\n    巨大な女の唇のように\r\n    ひとりでに開く、紅い海もない\r\n    水平線とともに遠ざかる彼方があるだけだ\r\n\r\n                                           *\r\n    雪が降ると、野原いちめんに\r\n    テーブルクロスが敷かれる。空全体が\r\n    銀のスプーンの中に入りそうだ。\r\n    空と、アズテカ人のいう\r\n    四つの太陽のうちの、ふたつかみっつも。\r\n\r\n    ぼくらの太陽は冬の太陽\r\n    犯罪現場を照らし出す\r\n    血のしずく、鳥の羽根\r\n    それは神々の祝宴だったのか\r\n    あるいは蛇の食事だったのか\r\n\r\n                                           *\r\n    雪の下にはたくさんの名前\r\n    幸せな日々を待ち望んでいる\r\n    黄金のごとく輝くために \r\n\r\n    同じ数ほどの戦死者たちの\r\n    その血走った瞳で見たのは\r\n    有刺鉄線の向こうの、花ざかりの田園\r\n\r\n                                           *\r\n    逆光に映える山々は金床に似ている\r\n    打ち捨てられた鍛冶場を太陽が照らし出す\r\n\r\n    舞い上がる火の粉たち、それは古い世界を鍛える\r\n    哲学者の槌から躍り出る\r\n\r\n    人がまだ馬の蹄鉄を打っていた世界では\r\n    角の匂いの漂う中を、打ちのめされた馬たちが\r\n    まっすぐ前を見据えていた、人間たちが被ろうとさえしなかった\r\n    遮眼帯(ブリンカー)を付けられて\r\n\r\n                                           *',	'traduction 2',	7,	25),
(25,	24,	'\r\n\r\n    Au sortir de la caverne, nous saisira\r\n    le rêve de toujours, l’illusion de passer à pied sec\r\n    à mesure qu’on avance, dans les flaques où l’eau s’évapore\r\n    dans les couches de lumière qui recouvrent le lac\r\n\r\n    En tête de la marche aucun prophète ou pharaon,\r\n    comme les lèvres immenses d’une femme\r\n    ouvrant à lui seul une mer rouge absente :\r\n    rien qu’avec l’horizon le lointain qui s’éloigne\r\n\r\n                                           *\r\n    La neige en tombant partout sur la plaine\r\n    met la nappe. Le ciel entier\r\n    tiendrait dans une cuillère en argent.\r\n    Le ciel et, diraient les Aztèques,\r\n    des quatre soleils au moins deux ou trois.\r\n\r\n    Notre soleil à nous, soleil d’hiver\r\n    illumine le lieu d’un crime\r\n    gouttes de sang, plumes d’oiseau\r\n    était-ce le banquet des dieux\r\n    ou le déjeuner d’un serpent ?\r\n\r\n                                           *\r\n    Sous la neige beaucoup de noms\r\n    espèrent des jours de bonheur\r\n    pour briller à l’égal de l’or\r\n\r\n    A peu près autant de morts au combat\r\n    de leur prunelle sanglante ont vu\r\n    par-delà les barbelés la campagne en fleurs\r\n\r\n                                           *\r\n    A contre-jour les montagnes ont l’air d’enclumes\r\n    forge à l’abandon par le soleil illuminée\r\n\r\n    tournent dans l’air des grains de feu, qu’en forgeant le vieux monde\r\n    les philosophes sous leur marteau font danser\r\n\r\n    on battait encore le fer à cheval dans ce monde\r\n    au milieu des odeurs de corne, les chevaux terrassés\r\n    droit devant eux braquaient les yeux, les hommes ne songeant à porter\r\n    les œillères qu’ils leur appliquaient\r\n\r\n                                           *',	'retrotraduction 2',	1,	26),
(26,	1,	'\r\n\r\n    εἴδωλα ὀψόμεθα ἐξερχόμενοι τοῦ σπηλαίου\r\n    ἃ κατ᾽ ὄναρ αἰεὶ ξηρῷ ποδὶ διαβαίνομεν·\r\n    ἐξατμιζόμενα τέλματα ὅταν προχωρῶμεν,\r\n    ἐκτεινόμενον φῶς ἐν ᾧ λίμναι ὁρῶνται.\r\n\r\n    Οὐδεὶς προφήτης, οὐδεὶς Φαραώ ὡς πορεύσων πρὸ ἡμῶν.\r\n    Οὐδεμία ἐρυθρὴ θάλασσα ἣ αὐτὴ ἂν ἀνοίγοιτο\r\n    ὡς τὰ γυναικῶν χείλεα μεγάλα, ἀλλὰ πέραν τι\r\n    ὃ δ᾽ ἀναχωρεῖ ἅμ᾽ ὁρίζοντι κύκλῳ.\r\n\r\n                                           *\r\n    Ἔστρωται χίονος ὀθόνη\r\n    ἐπὶ λειμῶσιν. Οὐρανὸς ἂν ἔχοι\r\n    σύμπας ἐν ἀργυρέῳ λιστρίῳ,\r\n    οὐρανὸς καὶ δύο ἢ τρεῖς ἥλιοι\r\n    ἐκ τῶν τεσσάρων οὓς οἱ Ἀζτηκοὶ ἐλογίζοντο.\r\n\r\n    Χειμέριος ὁ ἥλιος ὁ παρ᾽ἡμῖν\r\n    ὃς τὸν τοῦ ἀδικήματος τόπον καταλάμπει·\r\n    ὁ σταγὼν αἵματος, τὰ πτερὰ ὄρνιθος,\r\n    ἦν τὸ συμπόσιον τῶν θεῶν\r\n    ἢ τὸ δεῖπνον ὄφεως;\r\n\r\n                                           *\r\n    Τοσοῦτον ὀνομάτων ὑπὸ χίονος\r\n    ἃ καλὰς ἡμέρας περιμένουσιν\r\n    ἵνα χρυσὸς ᾡς στίλβωσιν.\r\n\r\n    Τοσοῦτον νεκρῶν ἐν τῷ πολέμῳ\r\n    οἳ εἶδον ἐν ἐαυτῶν ὀφθαλμοῖς, τεταραγμένοις ἐν ἑαυτῶν ὀφθαλμοῖς,\r\n    τοὺς ἐξανθοῦντας ἀγροὺς ὄπισθεν πολυγλωχίνων φραγμῶν.\r\n\r\n                                           *\r\n    Ἀπὸ τοῦ ἡλίου ἀπεστραμμένα ἐοίκασιν ἄκμοσιν τὰ ὄρη,\r\n    καὶ καταλάμπει τόδε χαλκεῖον ἐρῆμον ὁ ἥλιος.\r\n\r\n    Τοὺς σπινθῆρας ἀνίησι ἡ σφύρη τοῦ φιλοσόφου\r\n    τύπτοντος τὸν κόσμον τὸν παλαῖον.\r\n\r\n    Κόσμος ὅπου ἵππων ὁπλαὶ ἐσιδηροῦντο\r\n    ἐν τῇ κέρατος ὀσμῇ, ἵππων τετυμμένων\r\n    ἀντηλίων ἕνεκα πρὸ σφέων εὐθὺ ὁρῶντων\r\n    ἃ οὐκ ἐτόλμων φέρειν οἱ ἄνθρωποι.\r\n\r\n                                           *',	'traduction 1',	8,	27),
(27,	26,	'\r\n    Hors de la caverne nous verrons ces images\r\n    Qu’en rêve chaque fois nous foulons à pied sec.\r\n    Des marais s’asséchant tandis que l’on avance\r\n    Et des semblants de lacs dans la lueur étale.\r\n\r\n    Et face à nous aucun Pharaon ni prophète,\r\n    Aucune mer Rouge qui s’entrouvrirait comme\r\n    Des lèvres de femme, juste un autre au-delà\r\n    Qui fuit en même temps que l’astre à l’horizon.\r\n\r\n                                           *\r\n    Tulle de neige déployé\r\n    Sur les prés. Le ciel entier\r\n    Tiendrait dans une cuillère,\r\n    Le ciel et deux ou trois\r\n    des quatre soleils aztèques.\r\n\r\n    Un soleil hivernal\r\n    Éclaire les lieux du crime.\r\n    Plumes d’oiseau, goutte de sang\r\n    – festin des dieux\r\n    ou repas du serpent ?\r\n\r\n                                           *\r\n    Tant de noms sous la neige\r\n    Attendant l’été pour\r\n    Briller en lettres d’or !\r\n\r\n    Tant de morts à la guerre :\r\n    Leurs yeux fixent encore\r\n    Les champs en fleur derrière\r\n    Les pieux des palissades.\r\n\r\n                                           *\r\n    À contre-jour les montagnes ressemblent à des enclumes,\r\n    Une forge abandonnée que frappe le soleil.\r\n\r\n    Penser c’est pareillement de son marteau\r\n    Faire jaillir des étincelles du monde ancien.\r\n\r\n    Ce monde où l’on ferrait les chevaux dans l’odeur de la corne,\r\n    Chevaux frappés, munis d’œillères,\r\n    Forcés de regarder droit devant eux,\r\n    Comme n’osaient pas faire les hommes.\r\n\r\n                                           *',	'retrotraduction 1',	1,	28),
(28,	1,	'\r\n\r\n    Ἐκ τοῦ σπηλαίου δὴ ἐξελθόντες, ὀψόμεθά γε τὰ φανταζόμενα\r\n    δι᾽ἃ ἀεὶ ἐπιθυμοῦμεν ξηρῷ ποδὶ διελθεῖν·\r\n    τέλματα γάρ ἐστιν ἃ ἄρα διαπνεῖται ἡμῶν εἰς τὸ πρόσθεν προβαινόντων,\r\n    καὶ λαμπρὰ μεγέθη ἐν οἷς ὁρῶμεν λιμνάς.\r\n\r\n    Οὐδεὶς μέντοι προφήτης οὐδὲ Φαραὼ οὐδεὶς τυγχάνει βαίνων πρὸ ἡμῶν.\r\n    Οὐδεμία μέντοι ἐρυθρὰ θάλασσα ἐνθάδε κεῖται ἣ ἂν αὐτὴ ἀνοίγοιτο\r\n    ὥσπερ τὰ μακρὰ χείλη τῶν γυναικῶν, ἀλλὰ τὰ πέραν\r\n    ἅμα τῷ ἐσχάτῳ οὐρανῷ ἀναχωρούμενα.\r\n\r\n                                           *\r\n    Χίονος πεσούσης στρῶμά τι ἐστορέσθη\r\n    ἐπὶ τοῖς λειμῶσιν. Ὅλον δὲ τὸν οὐρανὸν\r\n    οὐ μόνον ἂν στέγειν ἓν ἀργυροῦν μύστρον δύναιτο,\r\n    ἀλλὰ καὶ δύο ἢ τρεῖς ἡλίους\r\n    ἐκ τῶν τεττάρων οὓς οἱ Ἀζτηκοὶ ἐγίγνωσκον.\r\n\r\n    Ὁ δὲ παρ᾽ ἡμῖν χειμερινός ἐστιν ἥλιος\r\n    ὃς ἐκλάμπει τὸν τόπον ἐν ᾧ κακόν τι εἴργαστο·\r\n    πότερον γὰρ αὕτη ἡ λίβας τοῦ αἵματος καὶ ταῦτα τὰ πτέρη τοῦ ὄρνιθος\r\n    ἦν θοίνη τῶν θεῶν\r\n    ἢ τροφὴ τοῦ δράκοντος;\r\n\r\n                                           *\r\n    Ὅσα μὲν ὀνόματα ὑπὸ χίονος\r\n    μένει τὰς καλλίους ἡμέρας\r\n    ἵνα λάμπῃ ὥσπερ ὁ χρῦσος.\r\n\r\n    Ὅσοι δ᾽ ἐν τῷ πολέμῳ τεθνηκότες\r\n    εἶδον ἐν τοῖς ἑαυτῶν ὀφθάλμοις τοῖς βλοσυροῖς\r\n    τοὺς ἀνθοῦντας ἀγροὺς, εἰσβληθέντες εἰς πτερυγωτοὺς δεσμούς.\r\n\r\n                                           *\r\n    Τὰ μὲν ὄρη ἀπὸ τοῦ ἡλίου ἀπεστραμμένα ὅμοιά ἐστιν ἄκμοσιν,\r\n    ὁ δὲ ἥλιος λάμπει τὸ ἀπολελειμμένον ἐκεῖνο σιδηρουργεῖον.\r\n\r\n    Οἱ δὲ σπινθῆρες ἐκπηδῶσι δὴ ὑπὸ τοῦ ῥαιστῆρος τοῦ φιλοσόφου\r\n    ὃς τὸν ἀρχαῖον κόσμον τύπτει.\r\n\r\n    Ἐν δ᾽ ἐκείνῳ τῷ κόσμῳ οἱ μὲν ἄνθρωποι τοὺς ἵππους ἐκρηπίδουν\r\n    τὴν τοῦ κέρατος ὀσμὴν ἅμα αἰσθανόμενοι· οἱ δ᾽ ἵπποι παιόμενοί γε\r\n    ἑώρων εὐθὺ ἔμπροσθεν τῶν παρωπίδων ἕνεκα\r\n    ἃς οἱ ἄνθρωποι οὐκ ἐτόλμων αὐτοὶ φέρειν.\r\n\r\n                                           *',	'traduction 2',	8,	29),
(29,	28,	'\r\n\r\n    Sortis de la caverne, nous verrons les apparitions grâce auxquelles nous désirons toujours traverser à pied sec. Il y a en effet des marais qui sont balayés par un souffle quand nous marchons en avant et dans lesquels nous voyons les étendues brillantes de l’eau stagnante.\r\n\r\n    Certes, il se trouve qu’aucun prophète ni aucun Pharaon ne marche devant nous. Certes, là ne s’étend aucune mer Rouge qui s’ouvrirait comme les grandes lèvres d’une femme, mais la rive opposée s’éloigne avec la ligne d’horizon.\r\n\r\n                                           *\r\n    Une couverture de neige fraîche était étendue sur les prés. Une seule cuillère en argent pourrait contenir non seulement le ciel tout entier mais deux ou trois des quatre soleils que connaissaient les Aztèques.\r\n\r\n    Celui que nous appelons « Soleil d’hiver » est celui qui éclaire la région où le mal a été perpétré : ce sang qui s’égoutte et ces ailes de l’oiseau – s’agit-il d’un festin des dieux ou de la nourriture du serpent ?\r\n\r\n                                           *\r\n    Combien de noms, sous la neige, attendent des jours meilleurs pour briller comme de l’or !\r\n\r\n    Combien d’hommes tombés à la guerre regardaient de leurs propres yeux effrayants les champs couverts de fleurs, précipités dans des liens ailés !\r\n\r\n                                           *\r\n    Les montagnes détournées du soleil sont comme des enclumes, mais le soleil éclaire cet atelier de forgeron abandonné.\r\n\r\n    Les étincelles jaillissent sous le marteau du philosophe qui frappe l’antique univers.\r\n\r\n    Dans cet univers, les hommes ont ferré les chevaux, percevant en même temps l’odeur de la corne. Les chevaux, frappés, regardaient aussitôt droit devant eux, à cause des œillères que les hommes n’osaient porter eux-mêmes.\r\n\r\n                                           *',	'retrotraduction 2',	1,	30),
(30,	1,	'\r\n\r\n    Antro exientes, simulacra admirabimur\r\n    per quae ire siccis pedibus olim uoluimus,\r\n    lymphae lacunas quae uaporant itinere,\r\n    lucisue telas ubi uidemus tot lacus.\r\n\r\n    Nullus prophetes, nullus iam Pharao ante nos,\r\n    nec mare Rubrum quod sponte sese ita adaperiat\r\n    ut feminarum labra, sed quiddam ultimum\r\n    quod regrediatur simul ac orbis finiens.\r\n\r\n                                           *\r\n    Iam tela in pratis est niuis,\r\n    caelumque totum stet quasi\r\n    in cochleari argenteo,\r\n    solesque uel tres uel duo\r\n    ex Aztecorum quattuor.\r\n\r\n    Sol noster est hibernus\r\n    lucetque caedis in locum:\r\n    guttae cruoris, plumae auis\r\n    cenamne dis fuisse\r\n    an indicant serpenti?\r\n\r\n                                           *\r\n    Tot nomina sub niue\r\n    expectant nitidos dies\r\n    ad radiandum ut aurum.\r\n\r\n    Totque exanimati in armis\r\n    uiderunt oculis suis peremptis\r\n    florida rura almaque post ferrea claustra belli.\r\n\r\n                                           *\r\n    Montes umbriferi iam similes opposito die\r\n    sunt incudibus et sol fabricam hanc irradiat relictam.\r\n\r\n    Scintillas sapiens malleolo excutit\r\n    antiquas animas tundere gestiens\r\n\r\n    gentis quae soleas induerat ferricrepas equis\r\n    tunsis corneo odore – at sonipes solum iter intuens\r\n    directo ibat inops, oppositis ante oculos quidem\r\n    ipsis, quae sibi non ausi homines indere, operculis.\r\n\r\n                                           *',	'traduction 1',	9,	31),
(31,	30,	'\r\n\r\n    Hors de l’antre, admirons les spectres\r\n    de nos départs jadis projetés.\r\n    Pieds au sec, admirons les eaux\r\n    qui de vapeur se muent en voies\r\n    et les lumières qui s’ourdissent\r\n    où se révèlent tant de lacs.\r\n\r\n    Nul prophète ne nous fait face, nul pharaon,\r\n    nulle mer Rouge pour s’entrouvrir\r\n    comme des lèvres de femme,\r\n    juste un semblant de fin\r\n    qui au bout du monde\r\n    recommence.\r\n\r\n                                           *\r\n    La toile des neiges\r\n    sur les prés se meut\r\n    et soudain siègent,\r\n    entiers, les cieux\r\n    comme dans l’image\r\n    d’un cuiller d’argent ;\r\n    et des soleils, par trois ou deux,\r\n    au firmament, parmi les quatre\r\n    astres aztèques.\r\n\r\n    Notre soleil, lui, est hivernal et luit\r\n    sur les lieux du crime :\r\n    plume d’oiseau, goutte de sang,\r\n    qui des dieux ou du serpent a rompu son régime ?\r\n\r\n                                           *\r\n    Sous la neige, tant de noms\r\n    attendent de rejaillir\r\n    en rayons d’or aux beaux jours.\r\n\r\n    Dans leurs armes, tant de morts\r\n    de leurs yeux laminés virent\r\n    les fleurs des vallées finales\r\n    suivant la guerre et ses fers,\r\n    belliqueuses barricades.\r\n\r\n                                           *\r\n    Vois ces monts qui, dos au jour, dans leur ombrage deviennent enclumes.\r\n    Dans le sillage du soleil, une forge âgée s’allume.\r\n\r\n    Ici martèle un sage, façonnant des étincelles.\r\n    Il frappe, fébrile, les âmes séniles d’une race ferreuse,\r\n\r\n    de ceux qui fixent aux canassons les sabots sonores dans l’odeur de corne.\r\n    Mais le cheval, regard au sol, fonçait tout droit sans qu’on califourchonne,\r\n    vue couverte et sans lucarne,\r\n    portant les œillères que les hommes s’épargnent.\r\n\r\n                                           *',	'retrotraduction 1',	1,	32),
(32,	1,	'\r\n\r\n    E spelunca egredientes simulacra aquarum stagnantium uidebimus\r\n    quae nobis somniantibus fuit in animo pedibus siccis traicere,\r\n    lacunas quae cum procedimus euanescunt,\r\n    luminosa spatia ubi lacus conspiciuntur.\r\n\r\n    Nullus est uates, nullus pharaon Aegyptorum princeps qui nos antecedat\r\n    nullum mare Rubrum quod sua sponte nobis aditus det,\r\n    sicut labia muliebrium exteriora, sed remota spatia\r\n    eodem tempore quo orbis terrarum finiens retrocedentia.\r\n\r\n                                           *\r\n    Sicut mantele nix in pratis\r\n    patet. Cunctum caelum\r\n    in argenteo cochleari iacere possit,\r\n    caelum et duo aut tres soles\r\n    e quattuor solibus ab Indis Mesoamericanis numeratis.\r\n\r\n    Sol hiemalis est super nos\r\n    qui in locis sceleribus pollutis fulget :\r\n    an sanguis stillans, an auium pennae\r\n    erant epulae deorum aut draconis cibus ?\r\n\r\n                                           *\r\n    Tot sunt nomina niue operta\r\n    quae exspectant dies ubi sol ridet\r\n    ut nitore aurei fulgeant.\r\n\r\n    Tot sunt homines qui bello ceciderunt,\r\n    qui uoltu pauido flores conspexerunt sparsos in agris,\r\n    saeptis ferreis circumuenti.\r\n\r\n                                           *\r\n    Montes in umbris inuoluti incudibus similes sunt\r\n    et sol illustrat hanc fornacem\r\n    ubi iam nemo laborat.\r\n\r\n    Scintillas philosophus quasi malleo utatur\r\n    elicit, qui res priscorum temporum obsoletas deleat.\r\n\r\n    Illo tempore soleae induebantur,\r\n    ungulis redolentibus, equis qui uerberabantur,\r\n    qui intentis oculis tantum prospicere poterant,\r\n    quia equorum oculi operimenta ferebant\r\n    quae ferre non audebant homines.\r\n\r\n                                           *\r\n     \r\n',	'traduction 2',	9,	33),
(33,	32,	'\r\n\r\n    En sortant de la caverne, nous verrons les reflets de flaques\r\n    que nous rêvions de traverser à pied sec,\r\n    profondeurs qui s’évanouissent comme nous avançons,\r\n    plaines de lumière où l’on aperçoit des lacs.\r\n\r\n    Nul prophète, nul pharaon, prince d’Égypte, pour nous précéder,\r\n    nulle mer Rouge pour, d’elle-même, nous livrer passage,\r\n    comme les grandes lèvres des femmes, mais des recès\r\n    qui s’éloignent en même temps que l’horizon.\r\n\r\n                                           *\r\n    Une nappe de neige dans les prés\r\n    s’étend. Le ciel immense\r\n    pourrait tenir dans une cuiller d’argent,\r\n    le ciel et deux ou trois soleils\r\n    parmi les quatre que comptent les Aztèques.\r\n\r\n    Sur nous, un soleil d’hiver\r\n    qui brille dans des lieux criminels :\r\n    une goutte de sang, des plumes d’oiseau\r\n    était-ce le festin des dieux ou le repas du dragon ?\r\n\r\n                                           *\r\n    Tant de noms recouverts de neige\r\n    qui attendent les jours où le soleil rit\r\n    pour briller avec l’éclat de l’or.\r\n\r\n    Tant d’hommes tombés au combat\r\n    qui, le teint livide, ont contemplé les fleurs éparses dans les champs\r\n    au milieu des barbelés.\r\n\r\n                                           *\r\n    Les montagnes, quand les ombres les enveloppent, sont pareilles aux enclumes\r\n    et le soleil éclaire cette forge\r\n    où personne ne travaille plus.\r\n\r\n    Le philosophe, comme s’il usait d’un marteau, fait jaillir\r\n    des étincelles, en détruisant les vestiges d’un autre temps.\r\n\r\n    Alors, les sabots étaient recouverts\r\n    de corne odorante, pour les chevaux battus\r\n    qui ne pouvaient regarder qu’en avant,\r\n    parce que leurs yeux portaient des œillères\r\n    que n’osaient porter les hommes.\r\n\r\n                                           *',	'retrotraduction 2',	1,	34),
(34,	1,	'uga_hirschi_lsf_gerard.mace_mp4.mp4',	'traduction 1',	10,	35),
(35,	34,	'\r\n\r\n    Nous sortons de la caverne et nous voyons ces mirages.\r\n    Ces mirages dans lesquels nous rêvons de voyager depuis si longtemps.\r\n    Des flaques d\'eau qui s\'évaporent sous nos pieds,\r\n    Des lacs que le soleil reflète.\r\n    Nul besoin de prophète, nul besoin de pharaon.\r\n    Aucune mer rouge ouverte devant nous.\r\n    L’horizon dans le lointain,\r\n    Que jamais l’on atteint.\r\n\r\n                                           *\r\n    La neige, en manteau sur les champs.\r\n    Dans le ciel, deux ou trois soleils,\r\n    Quand les Aztèques pensaient qu’ils étaient quatre.\r\n    A la cuillère, capturer cette immensité.\r\n    Un soleil glacé éclaire le lieu du crime.\r\n    Eclaboussure de sang, plumes en vrac,\r\n    Sont-ce les déchets du repas du Serpent ou des Dieux ?\r\n\r\n                                           *\r\n    Noms dissimulés sous la neige, \r\n    Attendent le soleil pour faire briller leurs dorures.\r\n    Ils sont les morts à la guerre.\r\n    Ils étaient là, debout,\r\n    Derrière les grillages\r\n    Leurs grands yeux regardaient\r\n    Les champs en fleurs.\r\n\r\n                                           *\r\n    La montagne en contre-jour, semblable à une enclume.\r\n    Dans la lumière, le soufflet, les étincelles métalliques, l’abandon.\r\n    C’est le philosophe qui tape sur un vieux monde.\r\n    Là, on ferrait les chevaux, dans l’odeur de corne.\r\n    Avancer, sous les coups de bâtons.\r\n    Avancer, bien droit grâce aux œillères.\r\n    Prendre les œillères pour eux,\r\n    Les hommes n’osent pas.\r\n                                           *',	'retrotraduction 1',	1,	36);

DROP TABLE IF EXISTS `language`;
CREATE TABLE `language` (
  `id` int(11) NOT NULL AUTO_INCREMENT,
  `name` varchar(255) COLLATE utf8mb4_unicode_ci NOT NULL,
  PRIMARY KEY (`id`)
) ENGINE=InnoDB DEFAULT CHARSET=utf8mb4 COLLATE=utf8mb4_unicode_ci;

INSERT INTO `language` (`id`, `name`) VALUES
(1,	'français'),
(2,	'allemand'),
(3,	'italien'),
(4,	'arabe'),
(5,	'persan'),
(6,	'coréen'),
(7,	'japonais'),
(8,	'grec ancien'),
(9,	'latin'),
(10,	'langue des signes française');

DROP TABLE IF EXISTS `user`;
CREATE TABLE `user` (
  `id` int(11) NOT NULL AUTO_INCREMENT,
  `email` varchar(180) COLLATE utf8mb4_unicode_ci NOT NULL,
  `roles` longtext CHARACTER SET utf8mb4 COLLATE utf8mb4_bin NOT NULL,
  `password` varchar(255) COLLATE utf8mb4_unicode_ci NOT NULL,
  `reset_token` varchar(255) COLLATE utf8mb4_unicode_ci DEFAULT NULL,
  PRIMARY KEY (`id`),
  UNIQUE KEY `UNIQ_8D93D649E7927C74` (`email`)
) ENGINE=InnoDB DEFAULT CHARSET=utf8mb4 COLLATE=utf8mb4_unicode_ci;


-- 2019-03-21 12:45:00
